first_name,last_name,department,email,salary
Carmelia,Atcock,Sales,catcock0@scientificamerican.com,
Lorine,Chattoe,Human Resources,lchattoe1@hugedomains.com,
Isiahi,Scholtis,Research and Development,ischoltis2@accuweather.com,94297
Hardy,Roglieri,Training,hroglieri3@squidoo.com,
Jacquette,Duffy,Engineering,jduffy4@shinystat.com,365-0023
Saleem,Ridolfi,Support,sridolfi5@tumblr.com,6435
Tremain,Ranald,Engineering,tranald6@amazon.com,152891
Anya,Linck,Marketing,alinck7@ucoz.ru,
Michaelina,Sammut,Engineering,msammut8@weibo.com,25610
Phyllis,Eastman,Accounting,peastman9@bandcamp.com,
Minni,MacGown,Research and Development,mmacgowna@economist.com,
Cody,Mitrikhin,Product Management,cmitrikhinb@amazon.co.jp,
Vitoria,Tweedy,Accounting,vtweedyc@reuters.com,
Woodrow,Poppy,Marketing,wpoppyd@flavors.me,
Jean,McCaughen,Engineering,jmccaughene@myspace.com,999-3103
Vida,Hagston,Sales,vhagstonf@jiathis.com,519-3203
Minda,Oxenbury,Human Resources,moxenburyg@engadget.com,
Hank,Sewill,Accounting,hsewillh@reference.com,4334
Bryant,Headley,Marketing,bheadleyi@foxnews.com,
Jocko,Moehle,Marketing,jmoehlej@cbc.ca,347014
Stesha,Rowberry,Services,srowberryk@bigcartel.com,
Dodie,Hosby,Services,dhosbyl@1und1.de,
Sigismondo,Fellini,Engineering,sfellinim@fda.gov,509-6251
Urban,Eagleton,Accounting,ueagletonn@house.gov,4515
Sandor,Latter,Accounting,slattero@addtoany.com,22-410
Dare,Burree,Services,dburreep@yellowpages.com,
Farris,Redier,Services,fredierq@harvard.edu,40110
Elvin,Cuniam,Business Development,ecuniamr@technorati.com,
Buffy,Shinefield,Human Resources,bshinefields@businesswire.com,
Zaneta,Lawrenson,Engineering,zlawrensont@google.com.au,659826
Dannel,Halsted,Training,dhalstedu@yandex.ru,
Leo,Lippatt,Sales,llippattv@live.com,
Ardyce,Vyvyan,Training,avyvyanw@digg.com,
Way,Cudbertson,Marketing,wcudbertsonx@dagondesign.com,85025
Willdon,Chevin,Business Development,wcheviny@google.ca,
Florencia,Thwaites,Engineering,fthwaitesz@craigslist.org,
Charlene,Beveredge,Human Resources,cbeveredge10@cocolog-nifty.com,618824
Fancie,Skurray,Accounting,fskurray11@networksolutions.com,50355
Shirlene,Spaven,Human Resources,sspaven12@miibeian.gov.cn,
Alistair,Wisher,Marketing,awisher13@histats.com,09-414
Clare,Cullimore,Product Management,ccullimore14@telegraph.co.uk,812 30
Chas,Guerin,Accounting,cguerin15@apache.org,
Joanne,McEwan,Business Development,jmcewan16@sina.com.cn,1053
Darline,Eldrett,Services,deldrett17@google.it,
Ruthe,Rawstron,Research and Development,rrawstron18@acquirethisname.com,
Germayne,Roseaman,Legal,groseaman19@army.mil,504 31
Peg,Hucquart,Accounting,phucquart1a@ebay.co.uk,
Teressa,Pidgeley,Human Resources,tpidgeley1b@arizona.edu,9241
Ruthe,Offner,Services,roffner1c@squarespace.com,69260-000
Edlin,Matveichev,Training,ematveichev1d@github.io,394091
Gail,Pittock,Legal,gpittock1e@nba.com,
Joya,Polon,Product Management,jpolon1f@yellowbook.com,78700-000
Gabie,Titford,Services,gtitford1g@csmonitor.com,054829
Clea,Trundler,Sales,ctrundler1h@geocities.jp,
Vivien,MacGibbon,Legal,vmacgibbon1i@japanpost.jp,779-3601
Merell,Ramsier,Business Development,mramsier1j@house.gov,2380
Alec,Dickman,Business Development,adickman1k@google.com.br,2530-285
Langsdon,Foxton,Support,lfoxton1l@merriam-webster.com,
Maiga,Bowich,Sales,mbowich1m@pinterest.com,
Ruby,Dytham,Training,rdytham1n@t-online.de,
Jacquenette,Ballach,Product Management,jballach1o@narod.ru,
Humfried,Glaisner,Training,hglaisner1p@ifeng.com,6227
Nero,Martonfi,Engineering,nmartonfi1q@qq.com,2712
Dalton,Guppy,Accounting,dguppy1r@homestead.com,
Alaine,Michelet,Human Resources,amichelet1s@sourceforge.net,
Othelia,Gorick,Training,ogorick1t@ask.com,
Imelda,Ferry,Product Management,iferry1u@fema.gov,
Miltie,Grills,Sales,mgrills1v@auda.org.au,
Dar,Perrat,Legal,dperrat1w@sohu.com,
Queenie,Bover,Training,qbover1x@un.org,
Arabelle,Beetham,Product Management,abeetham1y@archive.org,2133
Arturo,Gutman,Sales,agutman1z@google.ca,
Townsend,Bickell,Research and Development,tbickell20@google.co.jp,
Davin,Reidshaw,Marketing,dreidshaw21@homestead.com,78-650
Britney,Ellice,Legal,bellice22@mayoclinic.com,
Mae,Mooney,Legal,mmooney23@squarespace.com,16-515
Rodolphe,Nathan,Human Resources,rnathan24@epa.gov,357560
Ailbert,Langrish,Engineering,alangrish25@oakley.com,
Peadar,Kaemena,Sales,pkaemena26@omniture.com,
Sandie,Farrent,Business Development,sfarrent27@cafepress.com,T4T
Holly,Cockshtt,Training,hcockshtt28@bloglovin.com,
Reeta,Peterson,Services,rpeterson29@jigsy.com,
Carly,Luisetti,Sales,cluisetti2a@bandcamp.com,
Kristine,Ferie,Marketing,kferie2b@unesco.org,
Jedediah,Cardenosa,Research and Development,jcardenosa2c@google.fr,8608
Justine,Venny,Services,jvenny2d@arizona.edu,64-720
Sabine,Jerrams,Accounting,sjerrams2e@google.nl,43-211
Gifford,Peart,Product Management,gpeart2f@apache.org,4602
Jakie,Wilprecht,Product Management,jwilprecht2g@1688.com,
Shane,Dinsale,Support,sdinsale2h@bizjournals.com,
Ilaire,Palffy,Research and Development,ipalffy2i@nba.com,78050
Rosita,Sheavills,Legal,rsheavills2j@alibaba.com,2508
Welbie,Ducarel,Support,wducarel2k@umich.edu,
Valencia,Ronca,Marketing,vronca2l@huffingtonpost.com,241 32
Matthaeus,Phipp,Sales,mphipp2m@senate.gov,
Roxy,Syddon,Services,rsyddon2n@google.com,6229
Lorant,Siuda,Product Management,lsiuda2o@irs.gov,42-160
Kiri,Gracewood,Sales,kgracewood2p@wisc.edu,4602
Cathyleen,Ivimy,Business Development,civimy2q@gnu.org,433913
Ebeneser,Blackater,Business Development,eblackater2r@salon.com,
Tracee,Rayer,Human Resources,trayer2s@hostgator.com,71180
Eyde,Ort,Business Development,eort2t@businessweek.com,973 29
Elisabet,Haselup,Services,ehaselup2u@ca.gov,7121
Goldi,Vazquez,Business Development,gvazquez2v@home.pl,3818
Enrique,Awmack,Sales,eawmack2w@surveymonkey.com,
Othilie,Parcells,Marketing,oparcells2x@hc360.com,607-8077
Tommie,Adds,Training,tadds2y@chicagotribune.com,55640-000
Virgina,Huntley,Business Development,vhuntley2z@google.co.uk,
Rolph,Brouwer,Human Resources,rbrouwer30@quantcast.com,0492
Wilhelm,Dibdale,Training,wdibdale31@prlog.org,
Brietta,Brisley,Sales,bbrisley32@blogtalkradio.com,
Alford,Cobden,Human Resources,acobden33@stanford.edu,
Brandon,Gors,Accounting,bgors34@who.int,37-127
Charley,Stiven,Product Management,cstiven35@youtube.com,8427
Dianna,Henric,Product Management,dhenric36@trellian.com,G6K
Terence,Brooksbie,Support,tbrooksbie37@ed.gov,
Jacquelynn,Waistell,Services,jwaistell38@slate.com,64039 CEDEX
Sam,Maffia,Training,smaffia39@eventbrite.com,
Alleen,Nibley,Human Resources,anibley3a@digg.com,
Constantia,Gammons,Legal,cgammons3b@shutterfly.com,
Doti,Rives,Accounting,drives3c@blogtalkradio.com,
Magda,Born,Accounting,mborn3d@vinaora.com,BD23
Drugi,Ashall,Human Resources,dashall3e@hp.com,86083 CEDEX 9
Jacquenetta,Skitt,Engineering,jskitt3f@joomla.org,
Cointon,Wissby,Support,cwissby3g@ning.com,
Aretha,Broadbere,Research and Development,abroadbere3h@accuweather.com,
Alli,Kilshall,Business Development,akilshall3i@networksolutions.com,
Leonhard,Hanrahan,Engineering,lhanrahan3j@europa.eu,
Hank,Lauks,Training,hlauks3k@bbc.co.uk,44320
Reba,Riggeard,Services,rriggeard3l@weather.com,4505-224
Keith,Andre,Business Development,kandre3m@latimes.com,
Addie,Graine,Services,agraine3n@upenn.edu,
Vergil,Spong,Training,vspong3o@reference.com,32-640
Danice,O'Dogherty,Accounting,dodogherty3p@oracle.com,
Dodi,Spriggen,Training,dspriggen3q@deviantart.com,
Easter,Addey,Legal,eaddey3r@businessweek.com,
Ros,L'oiseau,Accounting,rloiseau3s@instagram.com,
Muhammad,McKelvie,Research and Development,mmckelvie3t@sogou.com,5203
Aldric,Trunks,Marketing,atrunks3u@cbsnews.com,22339
Abrahan,Momford,Human Resources,amomford3v@bravesites.com,93140
Ronny,Vannuchi,Human Resources,rvannuchi3w@shop-pro.jp,
Marni,Selwin,Services,mselwin3x@census.gov,
Anthony,Rubinsaft,Research and Development,arubinsaft3y@vk.com,50000-000
Heather,Grissett,Training,hgrissett3z@jiathis.com,
Eddy,Oxburgh,Business Development,eoxburgh40@sciencedirect.com,23568
Meade,Scyone,Training,mscyone41@tinypic.com,366904
Wilmer,O'Shirine,Training,woshirine42@technorati.com,6801
Mose,Weild,Training,mweild43@people.com.cn,
Maddy,Richarz,Product Management,mricharz44@noaa.gov,
Katleen,Matiebe,Services,kmatiebe45@chronoengine.com,60006 CEDEX
Maddy,Rosenstock,Human Resources,mrosenstock46@nps.gov,
Katalin,Roscam,Engineering,kroscam47@umn.edu,
Erastus,Dorrington,Business Development,edorrington48@nyu.edu,
Angelia,Koppke,Business Development,akoppke49@blogger.com,339-0061
Trenna,Maylour,Marketing,tmaylour4a@themeforest.net,4990-434
Petrina,Corkan,Accounting,pcorkan4b@exblog.jp,37016 CEDEX 1
Emmery,Baford,Training,ebaford4c@t-online.de,
Damiano,Chisnell,Services,dchisnell4d@ameblo.jp,687520
Zabrina,Shambroke,Services,zshambroke4e@mediafire.com,
Belva,Tebb,Legal,btebb4f@cbc.ca,4325
Rafi,Strelitz,Research and Development,rstrelitz4g@ca.gov,
Alberto,Clarke,Legal,aclarke4h@hubpages.com,12900-000
Ulla,Giovannardi,Accounting,ugiovannardi4i@apple.com,
Taylor,Docket,Product Management,tdocket4j@abc.net.au,6337
Jolie,Messitt,Product Management,jmessitt4k@va.gov,
Wilburt,Kornacki,Accounting,wkornacki4l@unblog.fr,09700-000
Doll,Ondracek,Legal,dondracek4m@theglobeandmail.com,
Wilek,Dominiak,Research and Development,wdominiak4n@skyrock.com,Y25
Corry,Collop,Training,ccollop4o@mlb.com,4950-332
Sandy,Van Haeften,Services,svanhaeften4p@facebook.com,
Dov,Edmenson,Sales,dedmenson4q@sitemeter.com,141 05
Bell,Milbourne,Business Development,bmilbourne4r@github.io,
Hastie,Britzius,Marketing,hbritzius4s@slideshare.net,29550-000
Radcliffe,Netting,Marketing,rnetting4t@harvard.edu,
Ivett,Klosges,Research and Development,iklosges4u@google.cn,2814
Bailie,Ciciotti,Product Management,bciciotti4v@home.pl,
Eadmund,Cansdall,Product Management,ecansdall4w@walmart.com,
Lisabeth,Goch,Support,lgoch4x@google.co.jp,
Aldwin,MacConchie,Marketing,amacconchie4y@purevolume.com,
Cordelia,Hartless,Research and Development,chartless4z@guardian.co.uk,69440
Turner,Wastell,Research and Development,twastell50@macromedia.com,
Philly,Treen,Human Resources,ptreen51@sfgate.com,97-545
Ronny,Rudland,Product Management,rrudland52@yahoo.co.jp,76705
Raphaela,Newham,Business Development,rnewham53@nytimes.com,
Englebert,Abbado,Human Resources,eabbado54@geocities.jp,
Noah,Welburn,Engineering,nwelburn55@reddit.com,
Matthaeus,Gabb,Human Resources,mgabb56@spotify.com,54414
Magnum,Menezes,Human Resources,mmenezes57@163.com,3516
Vivianne,Kitchener,Legal,vkitchener58@seesaa.net,
Cameron,Kaesmans,Research and Development,ckaesmans59@nydailynews.com,3503
Becca,Greveson,Sales,bgreveson5a@usa.gov,783 35
Jasmina,D'Elias,Accounting,jdelias5b@wordpress.org,
Alyson,Jouning,Support,ajouning5c@amazon.co.uk,
Esme,Coaster,Engineering,ecoaster5d@myspace.com,
Quinn,Speddin,Research and Development,qspeddin5e@wordpress.org,98870
Christa,Tite,Training,ctite5f@amazon.com,
Eadmund,Gon,Training,egon5g@timesonline.co.uk,3070-435
Yvette,Brunker,Services,ybrunker5h@icq.com,47207
Adelind,Stallworthy,Marketing,astallworthy5i@webmd.com,6215
Ollie,Dovydenas,Support,odovydenas5j@techcrunch.com,
